{
  "seed": 3,
  "num_bins": 4,
  "num_episodes": 15,
  "source_csv": "sac_seed3_no_noise_20251220_192636.csv",
  "s_mean": [
    0.2127935321283716,
    -0.1379265100217463,
    0.1396492539576992,
    -0.14082899360834805,
    0.17297297849335397,
    0.02373264249425847,
    0.12508339278601732,
    0.15575661716099712,
    0.8393391168566595,
    0.010308068477808654,
    -0.014193631105776877,
    -0.04454110742635288,
    0.011804152816991929,
    0.006065256740115001,
    -0.05477725857964833,
    0.10729079603614906,
    -0.007163540416250667
  ],
  "s_std": [
    0.36821535802856903,
    0.1717693229502339,
    1.1584193564684582,
    1.1442206956203276,
    1.1751435913266395,
    1.1227157238018761,
    1.0693643753531776,
    1.1649930239300064,
    0.7684517724675171,
    1.2255198268867942,
    1.1246420641364536,
    1.1543924076625338,
    1.1223002602385606,
    1.1026919820949264,
    1.1585448254486723,
    1.1718075249996696,
    1.1754459185715347
  ],
  "a_mean": [
    0.21857437026898066,
    -0.20591206551392874,
    -0.012818691209952037,
    -0.3142143551190694,
    -0.1271710727175077,
    -0.005364988962809245
  ],
  "a_std": [
    0.8640504765064594,
    0.7406944147513899,
    0.8543650999077448,
    0.6228725645084752,
    0.7289996899643211,
    0.48063016290777627
  ],
  "s_bin_edges": [
    [
      -3.4375458513501025,
      -1.056256450245952,
      1.3250329508581986
    ],
    [
      -1.4510611039045926,
      -0.13706368831038196,
      1.1769337272838287
    ],
    [
      -0.6408607679762581,
      0.09364303858795764,
      0.8281468451521736
    ],
    [
      -0.5025771783216075,
      0.32516336920636,
      1.1529039167343278
    ],
    [
      -0.6912657920202856,
      0.03215138064859713,
      0.7555685533174799
    ],
    [
      -0.7797132991235183,
      -0.02369407634235321,
      0.7323251464388116
    ],
    [
      -0.8656108481444587,
      -0.04133531418192571,
      0.7829402197806072
    ],
    [
      -0.7996358584000351,
      -0.07901558330881886,
      0.6416046917823974
    ],
    [
      -3.587560324906505,
      -2.184092793906801,
      -0.7806252629070967
    ],
    [
      -0.9512292018061757,
      -0.008020048071758268,
      0.9351891056626589
    ],
    [
      -0.9353816248712447,
      -0.06323714440375339,
      0.808907336063738
    ],
    [
      -0.8274392851603951,
      -0.0003351606000618901,
      0.8267689639602716
    ],
    [
      -0.7746723716863844,
      0.12428758806986817,
      1.0232475478261205
    ],
    [
      -1.2663436489803805,
      -0.13555353269836123,
      0.9952365835836581
    ],
    [
      -0.9193430037696572,
      -0.07535207527162835,
      0.7686388532264004
    ],
    [
      -1.0517068449360956,
      -0.21427370335299112,
      0.6231594382301133
    ],
    [
      -1.151856076782014,
      -0.16005507527654794,
      0.8317459262289182
    ]
  ],
  "a_bin_edges": [
    [
      -0.8239957791590048,
      -0.24941189051069923,
      0.3251719981376062
    ],
    [
      -0.39420260392551354,
      0.2786661437285136,
      0.951534891382541
    ],
    [
      -0.5611101900394908,
      0.02081130194091152,
      0.6027327939213138
    ],
    [
      -0.2754793333776284,
      0.5103227876706891,
      1.2961249087190065
    ],
    [
      -0.5079237674039907,
      0.17193940525374307,
      0.8518025779114771
    ],
    [
      -0.968699587130168,
      0.037288709021398025,
      1.0432770051729643
    ]
  ]
}