{
  "seed": 3,
  "num_bins": 5,
  "num_episodes": 15,
  "source_csv": "sac_seed3_no_noise_20251220_192636.csv",
  "s_mean": [
    0.2127935321283716,
    -0.1379265100217463,
    0.1396492539576992,
    -0.14082899360834805,
    0.17297297849335397,
    0.02373264249425847,
    0.12508339278601732,
    0.15575661716099712,
    0.8393391168566595,
    0.010308068477808654,
    -0.014193631105776877,
    -0.04454110742635288,
    0.011804152816991929,
    0.006065256740115001,
    -0.05477725857964833,
    0.10729079603614906,
    -0.007163540416250667
  ],
  "s_std": [
    0.36821535802856903,
    0.1717693229502339,
    1.1584193564684582,
    1.1442206956203276,
    1.1751435913266395,
    1.1227157238018761,
    1.0693643753531776,
    1.1649930239300064,
    0.7684517724675171,
    1.2255198268867942,
    1.1246420641364536,
    1.1543924076625338,
    1.1223002602385606,
    1.1026919820949264,
    1.1585448254486723,
    1.1718075249996696,
    1.1754459185715347
  ],
  "a_mean": [
    0.21857437026898066,
    -0.20591206551392874,
    -0.012818691209952037,
    -0.3142143551190694,
    -0.1271710727175077,
    -0.005364988962809245
  ],
  "a_std": [
    0.8640504765064594,
    0.7406944147513899,
    0.8543650999077448,
    0.6228725645084752,
    0.7289996899643211,
    0.48063016290777627
  ],
  "s_bin_edges": [
    [
      -3.9138037315709324,
      -2.0087722106876122,
      -0.10374068980429207,
      1.8012908310790285
    ],
    [
      -1.7138605870234347,
      -0.662662654548066,
      0.38853527792730214,
      1.4397332104026712
    ],
    [
      -0.7877615292891013,
      -0.20015848403772862,
      0.3874445612136441,
      0.9750476064650166
    ],
    [
      -0.668125287827201,
      -0.005932849804827001,
      0.6562595882175473,
      1.318452026239921
    ],
    [
      -0.8359492265540621,
      -0.2572154884189559,
      0.3215182497161502,
      0.9002519878512565
    ],
    [
      -0.9309171436797513,
      -0.3261017654548193,
      0.27871361277011264,
      0.8835289909950448
    ],
    [
      -1.0304659549369652,
      -0.3710455277669389,
      0.28837489940308747,
      0.9477953265731138
    ],
    [
      -0.9437599134182784,
      -0.3672636933453053,
      0.20923252672766757,
      0.7857287468006409
    ],
    [
      -3.868253831106446,
      -2.7454798063066828,
      -1.6227057815069195,
      -0.49993175670715573
    ],
    [
      -1.1398710325530592,
      -0.3853037095655252,
      0.3692636134220084,
      1.1238309364095427
    ],
    [
      -1.1098105209647429,
      -0.4120949365907498,
      0.28562064778324303,
      0.9833362321572363
    ],
    [
      -0.9928601100724618,
      -0.3311768104241952,
      0.33050648922407166,
      0.9921897888723379
    ],
    [
      -0.9544643636376349,
      -0.23529639583263284,
      0.4838715719723692,
      1.2030395397773712
    ],
    [
      -1.4925016722367843,
      -0.587869579211169,
      0.3167625138144463,
      1.2213946068400618
    ],
    [
      -1.088141189469263,
      -0.41294844667083996,
      0.26224429612758327,
      0.937437038926006
    ],
    [
      -1.2191934732527165,
      -0.5492469599862329,
      0.12069955328025062,
      0.7906460665467345
    ],
    [
      -1.3502162770831072,
      -0.5567754758787344,
      0.23666532532563833,
      1.0301061265300113
    ]
  ],
  "a_bin_edges": [
    [
      -0.9389125568886659,
      -0.4792454459700215,
      -0.019578335051377183,
      0.44008877586726736
    ],
    [
      -0.528776353456319,
      0.009518644666902665,
      0.5478136427901246,
      1.086108640913346
    ],
    [
      -0.6774944884355713,
      -0.21195729485124937,
      0.2535798987330724,
      0.7191170923173944
    ],
    [
      -0.4326397575872919,
      0.1960019392513621,
      0.824643636090016,
      1.4532853329286701
    ],
    [
      -0.6438964019355374,
      -0.10000586380935039,
      0.44388467431683676,
      0.9877752124430237
    ],
    [
      -1.169897246360481,
      -0.36510660943922835,
      0.4396840274820246,
      1.2444746644032774
    ]
  ]
}