{
  "s_mean": [
    0.21260485298479362,
    -0.1377108929018314,
    0.1396042375230785,
    -0.14100570956535477,
    0.17240199220971378,
    0.024472417424461018,
    0.12598265365172298,
    0.15596993134393575,
    0.8420858604904934,
    0.010689870390968645,
    -0.014548607351290703,
    -0.04455093983395345,
    0.012034119561253743,
    0.006348832958913699,
    -0.054752403861896816,
    0.10783131443936261,
    -0.006609132576338927
  ],
  "s_std": [
    0.3710288533915108,
    0.17178334340620433,
    1.158482938747838,
    1.1450061846962785,
    1.1750878633363744,
    1.123047688185721,
    1.0696020837630122,
    1.1651624214819172,
    0.7654975663399668,
    1.2257058407526917,
    1.1252143881047145,
    1.1544889011737085,
    1.1228248221272517,
    1.1031234109340768,
    1.1590029732630762,
    1.1725377137733477,
    1.1757431798227844
  ],
  "a_mean": [
    0.2188151674711704,
    -0.20587776512861253,
    -0.013008072013258935,
    -0.3141511361098289,
    -0.12677311319112777,
    -0.005684796723127365
  ],
  "a_std": [
    0.8641718410376227,
    0.7408937841762301,
    0.8543829002977751,
    0.6232410505748175,
    0.7293576251736198,
    0.48116518260344904
  ],
  "s_bin_edges": [
    [
      -3.150470140526501,
      0.3045306332827309
    ],
    [
      -0.9874645824297266,
      0.7258663494045328
    ],
    [
      -0.3974715655882729,
      0.5825720580512252
    ],
    [
      -0.26557850853856113,
      0.8293946160835928
    ],
    [
      -0.47058797562588883,
      0.5330526793470345
    ],
    [
      -0.5283643546567927,
      0.4802423581269515
    ],
    [
      -0.5580431007919813,
      0.5239873609414616
    ],
    [
      -0.6194956030298564,
      0.3997592337469267
    ],
    [
      -3.1875689243477447,
      -1.2829555050458978
    ],
    [
      -0.6642763246118355,
      0.7301852905830377
    ],
    [
      -0.69613098232711,
      0.593455627180391
    ],
    [
      -0.5322156139979806,
      0.5900710085204715
    ],
    [
      -0.6054901247093956,
      0.6587185263384294
    ],
    [
      -0.9589548790547922,
      0.5440820992977575
    ],
    [
      -0.6377819018165491,
      0.4870945368652442
    ],
    [
      -0.7169553184604174,
      0.5138905025185445
    ],
    [
      -0.8645129027645224,
      0.5269346558196331
    ]
  ],
  "a_bin_edges": [
    [
      -0.6337214790684726,
      0.13312038930706982
    ],
    [
      -0.16941126729559008,
      0.7281236579721757
    ],
    [
      -0.36613974814910966,
      0.40967164582474513
    ],
    [
      -0.022284395038602023,
      1.0344520662494712
    ],
    [
      -0.2837876656394761,
      0.6258509089735333
    ],
    [
      -0.6530084033994143,
      0.7115287575751381
    ]
  ],
  "num_bins": 3,
  "_metadata": {
    "source_file": "logs_sac_claude/sac_seed3_no_noise_baseline.csv",
    "created_at": "2025-12-22T16:40:51.381142",
    "rows_used": 100000,
    "description": "Created by create_baseline.py - DO NOT EDIT MANUALLY"
  }
}